fold,test_group,accuracy,macro_precision,macro_recall,macro_f1
1,p10,0.8192771084337349,0.7957936507936507,0.8765723270440251,0.8194551419198403
2,p11,0.6973684210526315,0.7887667887667887,0.7916666666666666,0.7443734370658516
3,p12,0.5657894736842105,0.7083333333333334,0.695970695970696,0.6248934356351237
4,p13,0.3953488372093023,0.1317829457364341,0.3333333333333333,0.18888888888888888
5,p14,0.6976744186046512,0.7624458874458874,0.6267676767676768,0.6370169082125604
